url,nat,cap
/titanic-survivor/elisabeth-walton-allen.html,American,"Washington, D.C."
/titanic-survivor/harry-anderson.html,American,"Washington, D.C."
/titanic-survivor/kornelia-theodosia-andrews.html,American,"Washington, D.C."
/titanic-survivor/charlotte-appleton.html,American,"Washington, D.C."
/titanic-survivor/madeleine-talmage-astor.html,American,"Washington, D.C."
/titanic-victim/john-jacob-astor.html,American,"Washington, D.C."
/titanic-victim/john-d-baumann.html,American,"Washington, D.C."
/titanic-survivor/richard-leonard-beckwith.html,American,"Washington, D.C."
/titanic-survivor/sallie-beckwith.html,American,"Washington, D.C."
/titanic-survivor/karl-howell-behr.html,American,"Washington, D.C."
/titanic-survivor/nellie-bessette.html,American,"Washington, D.C."
/titanic-survivor/dickinson-bishop.html,American,"Washington, D.C."
/titanic-survivor/helen-bishop.html,American,"Washington, D.C."
/titanic-victim/stephen-weart-blackwell.html,American,"Washington, D.C."
/titanic-survivor/henry-blank.html,American,"Washington, D.C."
/titanic-survivor/caroline-bonnell.html,American,"Washington, D.C."
/titanic-survivor/grace-scott-bowen.html,American,"Washington, D.C."
/titanic-victim/john-bertram-brady.html,American,"Washington, D.C."
/titanic-victim/emil-brandeis.html,American,"Washington, D.C."
/titanic-survivor/george-brereton.html,American,"Washington, D.C."
/titanic-survivor/molly-brown.html,American,"Washington, D.C."
/titanic-survivor/caroline-lane-brown.html,American,"Washington, D.C."
/titanic-survivor/emma-bucknell.html,American,"Washington, D.C."
/titanic-survivor/elizabeth-burns.html,American,"Washington, D.C."
/titanic-victim/archibald-butt.html,American,"Washington, D.C."
/titanic-survivor/edward-pennington-calderhead.html,American,"Washington, D.C."
/titanic-survivor/helen-churchill-candee.html,American,"Washington, D.C."
/titanic-survivor/thomas-cardeza.html,American,"Washington, D.C."
/titanic-survivor/charlotte-cardeza.html,American,"Washington, D.C."
/titanic-survivor/william-thornton-carter.html,American,"Washington, D.C."
/titanic-survivor/lucile-carter.html,American,"Washington, D.C."
/titanic-survivor/lucile-polk-carter.html,American,"Washington, D.C."
/titanic-survivor/william-carter.html,American,"Washington, D.C."
/titanic-victim/howard-case.html,American,"Washington, D.C."
/titanic-survivor/eleanor-cassebeer.html,American,"Washington, D.C."
/titanic-survivor/julia-florence-cavendish.html,American,"Washington, D.C."
/titanic-victim/herbert-fuller-chaffee.html,American,"Washington, D.C."
/titanic-survivor/carrie-constance-chaffee.html,American,"Washington, D.C."
/titanic-survivor/norman-campbell-chambers.html,American,"Washington, D.C."
/titanic-survivor/bertha-chambers.html,American,"Washington, D.C."
/titanic-survivor/virginia-clark.html,American,"Washington, D.C."
/titanic-victim/walter-miller-clark.html,American,"Washington, D.C."
/titanic-victim/george-quincy-clifford.html,American,"Washington, D.C."
/titanic-victim/alexander-taylor-compton.html,American,"Washington, D.C."
/titanic-survivor/mary-eliza-compton.html,American,"Washington, D.C."
/titanic-survivor/sara-rebecca-compton.html,American,"Washington, D.C."
/titanic-survivor/malvina-helen-cornell.html,American,"Washington, D.C."
/titanic-victim/john-bertram-crafton.html,American,"Washington, D.C."
/titanic-victim/edward-gifford-crosby.html,American,"Washington, D.C."
/titanic-survivor/harriette-rebecca-crosby.html,American,"Washington, D.C."
/titanic-survivor/catherine-elizabeth-crosby.html,American,"Washington, D.C."
/titanic-victim/john-bradley-cumings.html,American,"Washington, D.C."
/titanic-survivor/florence-briggs-cumings.html,American,"Washington, D.C."
/titanic-survivor/robert-williams-daniel.html,American,"Washington, D.C."
/titanic-survivor/ruth-dodge.html,American,"Washington, D.C."
/titanic-survivor/washington-dodge-jr.html,American,"Washington, D.C."
/titanic-survivor/washington-dodge.html,American,"Washington, D.C."
/titanic-victim/walter-donald-douglas.html,American,"Washington, D.C."
/titanic-survivor/mahala-douglas.html,American,"Washington, D.C."
/titanic-victim/william-crothers-dulles.html,American,"Washington, D.C."
/titanic-survivor/olive-earnshaw.html,American,"Washington, D.C."
/titanic-survivor/caroline-endres.html,American,"Washington, D.C."
/titanic-survivor/elizabeth-mussey-eustis.html,American,"Washington, D.C."
/titanic-victim/edith-corse-evans.html,American,"Washington, D.C."
/titanic-survivor/antoinette-flegenheim.html,American,"Washington, D.C."
/titanic-survivor/margaret-fleming.html,American,"Washington, D.C."
/titanic-survivor/john-irwin-flynn.html,American,"Washington, D.C."
/titanic-victim/benjamin-foreman.html,American,"Washington, D.C."
/titanic-survivor/henry-william-frauenthal.html,American,"Washington, D.C."
/titanic-survivor/isaac-gerald-frauenthal.html,American,"Washington, D.C."
/titanic-survivor/clara-frauenthal.html,American,"Washington, D.C."
/titanic-victim/jacques-futrelle.html,American,"Washington, D.C."
/titanic-survivor/lily-may-futrelle.html,American,"Washington, D.C."
/titanic-survivor/dorothy-gibson.html,American,"Washington, D.C."
/titanic-survivor/pauline-gibson.html,American,"Washington, D.C."
/titanic-survivor/samuel-goldenberg.html,American,"Washington, D.C."
/titanic-survivor/nella-goldenberg.html,American,"Washington, D.C."
/titanic-victim/george-goldschmidt.html,American,"Washington, D.C."
/titanic-survivor/colonel-archibald-gracie.html,American,"Washington, D.C."
/titanic-survivor/margaret-edith-graham.html,American,"Washington, D.C."
/titanic-survivor/edith-graham.html,American,"Washington, D.C."
/titanic-survivor/william-bertram-greenfield.html,American,"Washington, D.C."
/titanic-survivor/blanche-greenfield.html,American,"Washington, D.C."
/titanic-victim/benjamin-guggenheim.html,American,"Washington, D.C."
/titanic-survivor/george-achilles-harder.html,American,"Washington, D.C."
/titanic-survivor/dorothy-harder.html,American,"Washington, D.C."
/titanic-survivor/henry-sleeper-harper.html,American,"Washington, D.C."
/titanic-survivor/myra-harper.html,American,"Washington, D.C."
/titanic-survivor/irene-harris.html,American,"Washington, D.C."
/titanic-victim/henry-birkhardt-harris.html,American,"Washington, D.C."
/titanic-survivor/margaret-bechstein-hays.html,American,"Washington, D.C."
/titanic-victim/charles-melville-hays.html,American,"Washington, D.C."
/titanic-survivor/clara-jennings-hays.html,American,"Washington, D.C."
/titanic-survivor/ida-hippach.html,American,"Washington, D.C."
/titanic-survivor/jean-gertrude-hippach.html,American,"Washington, D.C."
/titanic-survivor/anna-hogeboom.html,American,"Washington, D.C."
/titanic-victim/alexander-oskar-holverson.html,American,"Washington, D.C."
/titanic-survivor/mary-alice-holverson.html,American,"Washington, D.C."
/titanic-survivor/harry-homer.html,American,"Washington, D.C."
/titanic-survivor/jane-anne-hoyt.html,American,"Washington, D.C."
/titanic-victim/william-fisher-hoyt.html,American,"Washington, D.C."
/titanic-survivor/frederick-maxfield-hoyt.html,American,"Washington, D.C."
/titanic-victim/ann-elizabeth-isham.html,American,"Washington, D.C."
/titanic-victim/charles-cresson-jones.html,American,"Washington, D.C."
/titanic-victim/edward-austin-kent.html,American,"Washington, D.C."
/titanic-victim/frederick-kenyon.html,American,"Washington, D.C."
/titanic-survivor/marion-kenyon.html,American,"Washington, D.C."
/titanic-survivor/edwin-nelson-kimball.html,American,"Washington, D.C."
/titanic-survivor/gertrude-kimball.html,American,"Washington, D.C."
/titanic-victim/herman-klaber.html,American,"Washington, D.C."
/titanic-survivor/alice-leader.html,American,"Washington, D.C."
/titanic-victim/ervin-lewy.html,American,"Washington, D.C."
/titanic-survivor/mary-conover-lines.html,American,"Washington, D.C."
/titanic-survivor/elizabeth-lines.html,American,"Washington, D.C."
/titanic-victim/milton-clyde-long.html,American,"Washington, D.C."
/titanic-survivor/gretchen-fiske-longley.html,American,"Washington, D.C."
/titanic-victim/joseph-holland-loring.html,American,"Washington, D.C."
/titanic-survivor/georgette-madill.html,American,"Washington, D.C."
/titanic-victim/john-edward-maguire.html,American,"Washington, D.C."
/titanic-victim/daniel-warner-marvin.html,American,"Washington, D.C."
/titanic-survivor/mary-marvin.html,American,"Washington, D.C."
/titanic-victim/timothy-mccarthy.html,American,"Washington, D.C."
/titanic-victim/edgar-meyer.html,American,"Washington, D.C."
/titanic-survivor/leila-meyer.html,American,"Washington, D.C."
/titanic-victim/francis-davis-millet.html,American,"Washington, D.C."
/titanic-survivor/daisy-minahan.html,American,"Washington, D.C."
/titanic-victim/william-edward-minahan.html,American,"Washington, D.C."
/titanic-survivor/lillian-minahan.html,American,"Washington, D.C."
/titanic-survivor/philipp-mock.html,American,"Washington, D.C."
/titanic-victim/clarence-moore.html,American,"Washington, D.C."
/titanic-victim/charles-natsch.html,American,"Washington, D.C."
/titanic-survivor/marjorie-anne-newell.html,American,"Washington, D.C."
/titanic-survivor/madeleine-newell.html,American,"Washington, D.C."
/titanic-victim/arthur-webster-newell.html,American,"Washington, D.C."
/titanic-survivor/helen-monypeny-newsom.html,American,"Washington, D.C."
/titanic-victim/walter-chamberlain-porter.html,American,"Washington, D.C."
/titanic-survivor/lily-alexenia-potter.html,American,"Washington, D.C."
/titanic-survivor/george-rheims.html,American,"Washington, D.C."
/titanic-survivor/elisabeth-walton-robert.html,American,"Washington, D.C."
/titanic-victim/washington-roebling.html,American,"Washington, D.C."
/titanic-survivor/charles-romaine.html,American,"Washington, D.C."
/titanic-victim/hugh-rood.html,American,"Washington, D.C."
/titanic-survivor/edith-russell.html,American,"Washington, D.C."
/titanic-victim/martin-rothschild.html,American,"Washington, D.C."
/titanic-survivor/elizabeth-jane-anne-rothschild.html,American,"Washington, D.C."
/titanic-survivor/suzette-ryerson.html,American,"Washington, D.C."
/titanic-survivor/emily-ryerson.html,American,"Washington, D.C."
/titanic-survivor/john-borie-ryerson.html,American,"Washington, D.C."
/titanic-survivor/emily-borie-ryerson.html,American,"Washington, D.C."
/titanic-victim/arthur-ryerson.html,American,"Washington, D.C."
/titanic-survivor/abraham-salomon.html,American,"Washington, D.C."
/titanic-survivor/emma-schabert.html,American,"Washington, D.C."
/titanic-survivor/frederic-kimber-seward.html,American,"Washington, D.C."
/titanic-survivor/elizabeth-weed-shutes.html,American,"Washington, D.C."
/titanic-victim/william-baird-silvey.html,American,"Washington, D.C."
/titanic-survivor/alice-silvey.html,American,"Washington, D.C."
/titanic-survivor/william-thompson-sloper.html,American,"Washington, D.C."
/titanic-victim/john-montgomery-smart.html,American,"Washington, D.C."
/titanic-victim/james-clinch-smith.html,American,"Washington, D.C."
/titanic-victim/lucian-philip-smith.html,American,"Washington, D.C."
/titanic-survivor/mary-eloise-smith.html,American,"Washington, D.C."
/titanic-survivor/john-pillsbury-snyder.html,American,"Washington, D.C."
/titanic-survivor/nelle-snyder.html,American,"Washington, D.C."
/titanic-survivor/frederic-oakley-spedden.html,American,"Washington, D.C."
/titanic-survivor/margaretta-corning-spedden.html,American,"Washington, D.C."
/titanic-survivor/robert-douglas-spedden.html,American,"Washington, D.C."
/titanic-victim/william-augustus-spencer.html,American,"Washington, D.C."
/titanic-survivor/charles-stengel.html,American,"Washington, D.C."
/titanic-survivor/annie-may-stengel.html,American,"Washington, D.C."
/titanic-survivor/martha-stephenson.html,American,"Washington, D.C."
/titanic-victim/albert-stewart.html,American,"Washington, D.C."
/titanic-survivor/martha-evelyn-stone.html,American,"Washington, D.C."
/titanic-victim/isidor-straus.html,American,"Washington, D.C."
/titanic-survivor/margaret-welles-swift.html,American,"Washington, D.C."
/titanic-survivor/ruth-taussig.html,American,"Washington, D.C."
/titanic-victim/emil-taussig.html,American,"Washington, D.C."
/titanic-survivor/tillie-taussig.html,American,"Washington, D.C."
/titanic-survivor/juliet-cummins-taylor.html,American,"Washington, D.C."
/titanic-survivor/elmer-zebley-taylor.html,American,"Washington, D.C."
/titanic-survivor/john-borland-thayer-jr.html,American,"Washington, D.C."
/titanic-victim/john-borland-thayer.html,American,"Washington, D.C."
/titanic-survivor/marian-thayer.html,American,"Washington, D.C."
/titanic-survivor/gertrude-maybelle-thorne.html,American,"Washington, D.C."
/titanic-survivor/gilbert-milligan-jr-tucker.html,American,"Washington, D.C."
/titanic-victim/wyckoff-van-der-hoef.html,American,"Washington, D.C."
/titanic-victim/william-anderson-walker.html,American,"Washington, D.C."
/titanic-survivor/annie-moore-ward.html,American,"Washington, D.C."
/titanic-victim/frank-manley-warren.html,American,"Washington, D.C."
/titanic-survivor/anna-sophia-warren.html,American,"Washington, D.C."
/titanic-survivor/ella-white.html,American,"Washington, D.C."
/titanic-victim/percival-wayland-white.html,American,"Washington, D.C."
/titanic-victim/richard-frasar-white.html,American,"Washington, D.C."
/titanic-survivor/mary-wick.html,American,"Washington, D.C."
/titanic-survivor/mary-natalie-wick.html,American,"Washington, D.C."
/titanic-victim/george-dennick-wick.html,American,"Washington, D.C."
/titanic-victim/george-dunton-widener.html,American,"Washington, D.C."
/titanic-survivor/eleanor-widener.html,American,"Washington, D.C."
/titanic-victim/harry-elkins-widener.html,American,"Washington, D.C."
/titanic-survivor/constance-willard.html,American,"Washington, D.C."
/titanic-survivor/richard-norris-williams.html,American,"Washington, D.C."
/titanic-victim/fletcher-lambert-williams.html,American,"Washington, D.C."
/titanic-victim/charles-duane-williams.html,American,"Washington, D.C."
/titanic-survivor/marie-grice-young.html,American,"Washington, D.C."
/titanic-survivor/helen-ragnhild-ostby.html,American,"Washington, D.C."
/titanic-survivor/richard-becker.html,American,"Washington, D.C."
/titanic-survivor/nellie-becker.html,American,"Washington, D.C."
/titanic-survivor/ruth-elizabeth-becker.html,American,"Washington, D.C."
/titanic-survivor/marion-louise-becker.html,American,"Washington, D.C."
/titanic-survivor/lillian-bentham.html,American,"Washington, D.C."
/titanic-victim/william-hull-botsford.html,American,"Washington, D.C."
/titanic-victim/james-bracken.html,American,"Washington, D.C."
/titanic-survivor/albert-caldwell.html,American,"Washington, D.C."
/titanic-survivor/sylvia-caldwell.html,American,"Washington, D.C."
/titanic-victim/irene-corbett.html,American,"Washington, D.C."
/titanic-victim/mary-phyllis-elizabeth-corey.html,American,"Washington, D.C."
/titanic-survivor/marshall-brines-drew.html,American,"Washington, D.C."
/titanic-survivor/lulu-thorne-drew.html,American,"Washington, D.C."
/titanic-victim/george-floyd-eitemiller.html,American,"Washington, D.C."
/titanic-victim/stanley-hubert-fox.html,American,"Washington, D.C."
/titanic-victim/annie-clemmer-funk.html,American,"Washington, D.C."
/titanic-survivor/viljo-hamalainen.html,American,"Washington, D.C."
/titanic-victim/william-harbeck.html,American,"Washington, D.C."
/titanic-victim/claire-karnes.html,American,"Washington, D.C."
/titanic-victim/anna-amelia-lahtinen.html,American,"Washington, D.C."
/titanic-victim/ernest-moraweck.html,American,"Washington, D.C."
/titanic-survivor/lutie-davis-parrish.html,American,"Washington, D.C."
/titanic-survivor/emilio-portaluppi.html,American,"Washington, D.C."
/titanic-victim/franz-pulbaum.html,American,"Washington, D.C."
/titanic-survivor/imanita-parrish-shelley.html,American,"Washington, D.C."
/titanic-victim/samuel-ward-stanton.html,American,"Washington, D.C."
/titanic-victim/anthony-abbing.html,American,"Washington, D.C."
/titanic-victim/eugene-joseph-abbott.html,American,"Washington, D.C."
/titanic-victim/rossmore-edward-abbott.html,American,"Washington, D.C."
/titanic-survivor/lillian-gertrud-asplund.html,American,"Washington, D.C."
/titanic-victim/thomas-henry-conlin.html,American,"Washington, D.C."
/titanic-victim/ernest-james-crease.html,American,"Washington, D.C."
/titanic-survivor/laura-may-cribb.html,American,"Washington, D.C."
/titanic-victim/ernst-gilbert-danbom.html,American,"Washington, D.C."
/titanic-survivor/elizabeth-dowdell.html,American,"Washington, D.C."
/titanic-victim/adolf-fredrik-dyker.html,American,"Washington, D.C."
/titanic-survivor/anna-elisabeth-judith-dyker.html,American,"Washington, D.C."
/titanic-survivor/virginia-ethel-emanuel.html,American,"Washington, D.C."
/titanic-victim/nathan-goldsmith.html,American,"Washington, D.C."
/titanic-survivor/jennie-louise-hansen.html,American,"Washington, D.C."
/titanic-victim/claus-peter-hansen.html,American,"Washington, D.C."
/titanic-victim/william-cahoone-johnson.html,American,"Washington, D.C."
/titanic-victim/alfred-johnson.html,American,"Washington, D.C."
/titanic-victim/arthur-keefe.html,American,"Washington, D.C."
/titanic-victim/ole-martin-olsen.html,American,"Washington, D.C."
/titanic-victim/francis-rice.html,American,"Washington, D.C."
/titanic-victim/margit-elizabeth-skoog.html,American,"Washington, D.C."
/titanic-victim/harald-skoog.html,American,"Washington, D.C."
/titanic-victim/mabel-skoog.html,American,"Washington, D.C."
/titanic-victim/karl-thorsten-skoog.html,American,"Washington, D.C."
/titanic-victim/telma-matilda-strom.html,American,"Washington, D.C."
/titanic-victim/austin-blyler-van-billiard.html,American,"Washington, D.C."
/titanic-victim/john-thomas-tannous.html,American,"Washington, D.C."
/titanic-victim/johan-werner-salonen.html,American,"Washington, D.C."
/titanic-victim/antti-wilhelm-sivola.html,American,"Washington, D.C."
/titanic-victim/edgar-samuel-andrew.html,Argentinian,Buenos Aires
/titanic-victim/arthur-mccrae.html,Australian,Canberra
/titanic-victim/john-hatfield-cribb.html,Australian,Canberra
/titanic-victim/branko-dakic.html,Austrian,Vienna
/titanic-victim/mito-mitkoff.html,Austrian,Vienna
/titanic-victim/minko-nankoff.html,Austrian,Vienna
/titanic-victim/christo-nenkoff.html,Austrian,Vienna
/titanic-victim/vasil-plotcharsky.html,Austrian,Vienna
/titanic-victim/alexander-radeff.html,Austrian,Vienna
/titanic-victim/todor-sdycoff.html,Austrian,Vienna
/titanic-victim/petco-slabenoff.html,Austrian,Vienna
/titanic-survivor/paul-chevre.html,Belgian,Brussels
/titanic-survivor/bertha-mayne.html,Belgian,Brussels
/titanic-survivor/mathilde-francoise-weisz.html,Belgian,Brussels
/titanic-survivor/anna-de-messemaeker.html,Belgian,Brussels
/titanic-survivor/guillaume-de-messemaeker.html,Belgian,Brussels
/titanic-survivor/theodoor-de-mulder.html,Belgian,Brussels
/titanic-victim/alfons-de-pelsmaeker.html,Belgian,Brussels
/titanic-victim/leon-jerome-hampe.html,Belgian,Brussels
/titanic-victim/rene-aime-lievens.html,Belgian,Brussels
/titanic-survivor/jean-scheerlinck.html,Belgian,Brussels
/titanic-victim/philemon-van-melckebeke.html,Belgian,Brussels
/titanic-victim/emelie-maria-vanderplancke.html,Belgian,Brussels
/titanic-victim/nestor-cyriel-vandewalle.html,Belgian,Brussels
/titanic-victim/achille-waelens.html,Belgian,Brussels
/titanic-victim/camilius-aloysius-wittevrongel.html,Belgian,Brussels
/titanic-victim/cerin-balkic.html,Bosnian,Sarajevo
/titanic-victim/redjo-delalic.html,Bosnian,Sarajevo
/titanic-victim/tido-rekic.html,Bosnian,Sarajevo
/titanic-victim/husein-sivic.html,Bosnian,Sarajevo
/titanic-victim/hristo-lalev-batoshev.html,Bulgarian,Sofia
/titanic-victim/guentcho-bostandyeff.html,Bulgarian,Sofia
/titanic-victim/mityu-denkov.html,Bulgarian,Sofia
/titanic-victim/yoto-danoff.html,Bulgarian,Sofia
/titanic-victim/vulcho-dinchev.html,Bulgarian,Sofia
/titanic-victim/stanio-gheorgheff.html,Bulgarian,Sofia
/titanic-victim/ilyo-iliev.html,Bulgarian,Sofia
/titanic-victim/kostya-ivyanov.html,Bulgarian,Sofia
/titanic-victim/peju-coltcheff.html,Bulgarian,Sofia
/titanic-victim/satio-coleff.html,Bulgarian,Sofia
/titanic-victim/theodor-kraeff.html,Bulgarian,Sofia
/titanic-victim/stanko-lyntakoff.html,Bulgarian,Sofia
/titanic-victim/marin-markoff.html,Bulgarian,Sofia
/titanic-victim/nicola-matinoff.html,Bulgarian,Sofia
/titanic-victim/minko-angheloff.html,Bulgarian,Sofia
/titanic-victim/lazar-yonkov.html,Bulgarian,Sofia
/titanic-victim/stoytcho-mihoff.html,Bulgarian,Sofia
/titanic-victim/ivan-mineff.html,Bulgarian,Sofia
/titanic-victim/lazar-minkoff.html,Bulgarian,Sofia
/titanic-victim/penko-naidenoff.html,Bulgarian,Sofia
/titanic-victim/pastcho-petroff.html,Bulgarian,Sofia
/titanic-victim/nedialco-petroff.html,Bulgarian,Sofia
/titanic-victim/ivan-staneff.html,Bulgarian,Sofia
/titanic-victim/ilia-stoytcheff.html,Bulgarian,Sofia
/titanic-victim/lalio-todoroff.html,Bulgarian,Sofia
/titanic-victim/hristo-danchev-totevski.html,Bulgarian,Sofia
/titanic-victim/hudson-joshua-creighton.html,Canadian,Ottawa
/titanic-survivor/trevor-allison.html,Canadian,Ottawa
/titanic-victim/bessie-waldo-allison.html,Canadian,Ottawa
/titanic-victim/loraine-allison.html,Canadian,Ottawa
/titanic-survivor/helene-baxter.html,Canadian,Ottawa
/titanic-victim/quigg-baxter.html,Canadian,Ottawa
/titanic-victim/thomson-beattie.html,Canadian,Ottawa
/titanic-survivor/orian-davidson.html,Canadian,Ottawa
/titanic-victim/thornton-davidson.html,Canadian,Ottawa
/titanic-survivor/vera-dick.html,Canadian,Ottawa
/titanic-survivor/albert-adrian-dick.html,Canadian,Ottawa
/titanic-survivor/mary-helene-douglas.html,Canadian,Ottawa
/titanic-survivor/mabel-helen-fortune.html,Canadian,Ottawa
/titanic-survivor/ethel-flora-fortune.html,Canadian,Ottawa
/titanic-victim/mark-fortune.html,Canadian,Ottawa
/titanic-victim/charles-alexander-fortune.html,Canadian,Ottawa
/titanic-survivor/alice-elizabeth-fortune.html,Canadian,Ottawa
/titanic-survivor/mary-fortune.html,Canadian,Ottawa
/titanic-victim/george-edward-graham.html,Canadian,Ottawa
/titanic-victim/thomas-francis-mccaffry.html,Canadian,Ottawa
/titanic-victim/harry-molson.html,Canadian,Ottawa
/titanic-victim/vivian-ponsonby-payne.html,Canadian,Ottawa
/titanic-survivor/mary-anne-perreault.html,Canadian,Ottawa
/titanic-survivor/arthur-godfrey-peuchen.html,Canadian,Ottawa
/titanic-victim/john-hugo-ross.html,Canadian,Ottawa
/titanic-survivor/spencer-victor-silverthorne.html,Canadian,Ottawa
/titanic-victim/george-wright.html,Canadian,Ottawa
/titanic-victim/charles-kirkland.html,Canadian,Ottawa
/titanic-victim/james-matthew-mccrie.html,Canadian,Ottawa
/titanic-victim/alfred-pain.html,Canadian,Ottawa
/titanic-survivor/maude-sincock.html,Canadian,Ottawa
/titanic-survivor/hilda-mary-slayter.html,Canadian,Ottawa
/titanic-victim/arthur-rice.html,Canadian,Ottawa
/titanic-victim/george-rice.html,Canadian,Ottawa
/titanic-victim/eric-rice.html,Canadian,Ottawa
/titanic-victim/ernest-portage-tomlin.html,Canadian,Ottawa
/titanic-victim/laurence-gavey.html,Channel Islander,Saint Peter Port
/titanic-survivor/bertha-ilett.html,Channel Islander,Saint Peter Port
/titanic-victim/clifford-thomas-jefferys.html,Channel Islander,Saint Peter Port
/titanic-victim/ernest-wilfred-jefferys.html,Channel Islander,Saint Peter Port
/titanic-victim/clifford-richard-parker.html,Channel Islander,Saint Peter Port
/titanic-survivor/lillian-renouf.html,Channel Islander,Saint Peter Port
/titanic-victim/peter-henry-renouf.html,Channel Islander,Saint Peter Port
/titanic-survivor/emily-rugg.html,Channel Islander,Saint Peter Port
/titanic-survivor/joseph-pierre-duquemin.html,Channel Islander,Saint Peter Port
/titanic-victim/howard-hugh-harry-williams.html,Channel Islander,Saint Peter Port
/titanic-survivor/rosalie-bidois.html,Channel Islander,Saint Peter Port
/titanic-victim/charles-robert-bainbrigge.html,Channel Islander,Saint Peter Port
/titanic-victim/albert-denbuoy.html,Channel Islander,Saint Peter Port
/titanic-victim/peter-dan-mckane.html,Channel Islander,Saint Peter Port
/titanic-victim/edward-wheadon.html,Channel Islander,Saint Peter Port
/titanic-victim/len-lam.html,Chinese,Beijing
/titanic-survivor/ali-lam.html,Chinese,Beijing
/titanic-survivor/fang-lang.html,Chinese,Beijing
/titanic-victim/lee-ling.html,Chinese,Beijing
/titanic-survivor/lee-bing.html,Chinese,Beijing
/titanic-survivor/chang-chip.html,Chinese,Beijing
/titanic-survivor/choong-foo.html,Chinese,Beijing
/titanic-survivor/ling-hee.html,Chinese,Beijing
/titanic-victim/luka-cacic.html,Croatian,Zagreb
/titanic-victim/marija-cacic.html,Croatian,Zagreb
/titanic-victim/jego-grga-cacic.html,Croatian,Zagreb
/titanic-victim/manda-cacic.html,Croatian,Zagreb
/titanic-victim/petar-calic.html,Croatian,Zagreb
/titanic-victim/jovo-calic.html,Croatian,Zagreb
/titanic-victim/liudevit-cor.html,Croatian,Zagreb
/titanic-victim/bartol-cor.html,Croatian,Zagreb
/titanic-victim/ivan-cor.html,Croatian,Zagreb
/titanic-victim/jeso-culumovic.html,Croatian,Zagreb
/titanic-victim/mirko-dika.html,Croatian,Zagreb
/titanic-victim/jovan-dimic.html,Croatian,Zagreb
/titanic-victim/jozef-drazenovic.html,Croatian,Zagreb
/titanic-victim/ignjac-hendekovic.html,Croatian,Zagreb
/titanic-survivor/ivan-jalsevac.html,Croatian,Zagreb
/titanic-victim/milan-karajic.html,Croatian,Zagreb
/titanic-survivor/nikola-lulic.html,Croatian,Zagreb
/titanic-victim/johann-markun.html,Croatian,Zagreb
/titanic-victim/luka-oreskovic.html,Croatian,Zagreb
/titanic-victim/jelka-oreskovic.html,Croatian,Zagreb
/titanic-victim/marija-oreskovic.html,Croatian,Zagreb
/titanic-survivor/maria-osman.html,Croatian,Zagreb
/titanic-victim/matilda-petranec.html,Croatian,Zagreb
/titanic-victim/ivan-strilic.html,Croatian,Zagreb
/titanic-victim/stefo-pavlovic.html,Croatian,Zagreb
/titanic-victim/mate-pokrnic.html,Croatian,Zagreb
/titanic-victim/tome-pokrnic.html,Croatian,Zagreb
/titanic-victim/mile-smiljanic.html,Croatian,Zagreb
/titanic-victim/ivan-stankovic.html,Croatian,Zagreb
/titanic-victim/stjepan-turcin.html,Croatian,Zagreb
/titanic-victim/wenzel-linhart.html,Czech,Prague
/titanic-victim/hans-kristensen-givard.html,Danish,Copenhagen
/titanic-victim/jacob-christian-milling.html,Danish,Copenhagen
/titanic-victim/martin-ponesell.html,Danish,Copenhagen
/titanic-survivor/carla-jensen.html,Danish,Copenhagen
/titanic-victim/henrik-juul-hansen.html,Danish,Copenhagen
/titanic-victim/henry-damsgaard-hansen.html,Danish,Copenhagen
/titanic-victim/svend-lauritz-jensen.html,Danish,Copenhagen
/titanic-victim/niels-peder-rasmus-jensen.html,Danish,Copenhagen
/titanic-victim/hans-peder-jensen.html,Danish,Copenhagen
/titanic-victim/einar-windelov.html,Danish,Copenhagen
/titanic-victim/johan-george-reuchlin.html,Dutch,Amsterdam
/titanic-survivor/hammad-hassab.html,Egyptian,Cairo
/titanic-survivor/ellen-nellie-barber.html,English,London
/titanic-survivor/algernon-barkworth.html,English,London
/titanic-survivor/ellen-bird.html,English,London
/titanic-survivor/elizabeth-bonnell.html,English,London
/titanic-victim/john-james-borebank.html,English,London
/titanic-survivor/elsie-edith-bowerman.html,English,London
/titanic-victim/tyrell-william-cavendish.html,English,London
/titanic-survivor/gladys-cherry.html,English,London
/titanic-survivor/edith-martha-chibnall.html,English,London
/titanic-survivor/alice-cleaver.html,English,London
/titanic-survivor/peter-dennis-daly.html,English,London
/titanic-survivor/sarah-daniels.html,English,London
/titanic-survivor/sir-cosmo-duff-gordon.html,English,London
/titanic-survivor/lady-duff-gordon.html,English,London
/titanic-victim/john-farthing.html,English,London
/titanic-survivor/laura-mabel-francatelli.html,English,London
/titanic-victim/thomas-parnham-franklin.html,English,London
/titanic-victim/richard-fry.html,English,London
/titanic-victim/arthur-gee.html,English,London
/titanic-victim/charles-harrington.html,English,London
/titanic-victim/william-harrison.html,English,London
/titanic-survivor/walter-james-hawksford.html,English,London
/titanic-victim/christopher-head.html,English,London
/titanic-victim/herbert-henry-hilliard.html,English,London
/titanic-victim/william-edward-hipkins.html,English,London
/titanic-survivor/j-bruce-ismay.html,English,London
/titanic-victim/henry-forbes-julian.html,English,London
/titanic-victim/edwin-herbert-keeping.html,English,London
/titanic-survivor/roberta-maioni.html,English,London
/titanic-victim/arthur-ernest-nicholson.html,English,London
/titanic-victim/william-henry-marsh-parr.html,English,London
/titanic-victim/austin-partner.html,English,London
/titanic-victim/thomas-pears.html,English,London
/titanic-survivor/edith-pears.html,English,London
/titanic-victim/victor-robbins.html,English,London
/titanic-survivor/countess-of-rothes.html,English,London
/titanic-victim/alfred-rowe.html,English,London
/titanic-victim/richard-william-smith.html,English,London
/titanic-victim/william-thomas-stead.html,English,London
/titanic-victim/frederick-sutton.html,English,London
/titanic-survivor/hugh-woolner.html,English,London
/titanic-victim/augustus-aldworth.html,English,London
/titanic-victim/frank-thomas-andrew.html,English,London
/titanic-victim/william-angle.html,English,London
/titanic-survivor/florence-angle.html,English,London
/titanic-victim/john-ashby.html,English,London
/titanic-victim/percy-andrew-bailey.html,English,London
/titanic-survivor/ada-ball.html,English,London
/titanic-victim/frederick-james-banfield.html,English,London
/titanic-victim/robert-james-bateman.html,English,London
/titanic-survivor/ethel-beane.html,English,London
/titanic-survivor/edward-beane.html,English,London
/titanic-victim/henry-james-beauchamp.html,English,London
/titanic-survivor/lawrence-beesley.html,English,London
/titanic-victim/william-john-berriman.html,English,London
/titanic-victim/theodore-ronald-brailey.html,English,London
/titanic-survivor/mildred-brown.html,English,London
/titanic-survivor/edith-haisman.html,English,London
/titanic-survivor/kate-buss.html,English,London
/titanic-victim/reginald-fenton-butler.html,English,London
/titanic-victim/fr-byles.html,English,London
/titanic-survivor/clear-cameron.html,English,London
/titanic-victim/william-carbines.html,English,London
/titanic-victim/ernest-courtenay-carter.html,English,London
/titanic-victim/lilian-carter.html,English,London
/titanic-victim/sara-elizabeth-chapman.html,English,London
/titanic-victim/john-henry-chapman.html,English,London
/titanic-survivor/rachel-julie-cohen-christy.html,English,London
/titanic-survivor/alice-frances-christy.html,English,London
/titanic-victim/john-frederick-preston-clarke.html,English,London
/titanic-victim/charles-valentine-clarke.html,English,London
/titanic-survivor/ada-maria-clarke.html,English,London
/titanic-victim/reginald-charles-coleridge.html,English,London
/titanic-survivor/sidney-clarence-stuart-collett.html,English,London
/titanic-survivor/charlotte-annie-collyer.html,English,London
/titanic-survivor/marjorie-collyer.html,English,London
/titanic-victim/harvey-collyer.html,English,London
/titanic-survivor/selena-cook.html,English,London
/titanic-victim/harry-cotterill.html,English,London
/titanic-survivor/elizabeth-agnes-mary-davies.html,English,London
/titanic-victim/charles-henry-davies.html,English,London
/titanic-survivor/john-morgan-davies.html,English,London
/titanic-survivor/mary-davis.html,English,London
/titanic-victim/percy-deacon.html,English,London
/titanic-victim/william-dibden.html,English,London
/titanic-survivor/elsie-doling.html,English,London
/titanic-survivor/ada-doling.html,English,London
/titanic-victim/william-joseph-douton.html,English,London
/titanic-victim/james-vivian-drew.html,English,London
/titanic-victim/harry-faunthorpe.html,English,London
/titanic-victim/joseph-charles-fillbrook.html,English,London
/titanic-victim/anthony-wood-frost.html,English,London
/titanic-victim/joseph-fynney.html,English,London
/titanic-victim/harry-gale.html,English,London
/titanic-victim/shadrach-gale.html,English,London
/titanic-survivor/ethel-garside.html,English,London
/titanic-victim/alfred-gaskell.html,English,London
/titanic-victim/william-gilbert.html,English,London
/titanic-victim/edgar-giles.html,English,London
/titanic-victim/ralph-giles.html,English,London
/titanic-victim/frederick-edward-giles.html,English,London
/titanic-victim/john-william-gill.html,English,London
/titanic-victim/reginald-hale.html,English,London
/titanic-survivor/george-harris.html,English,London
/titanic-victim/walter-harris.html,English,London
/titanic-survivor/esther-hart.html,English,London
/titanic-survivor/eva-hart.html,English,London
/titanic-victim/benjamin-hart.html,English,London
/titanic-victim/wallace-hartley.html,English,London
/titanic-survivor/alice-herman.html,English,London
/titanic-victim/samuel-herman.html,English,London
/titanic-survivor/kate-herman.html,English,London
/titanic-survivor/jane-herman.html,English,London
/titanic-survivor/mary-dunbar-hewlett.html,English,London
/titanic-victim/lewis-hickman.html,English,London
/titanic-victim/stanley-hickman.html,English,London
/titanic-victim/leonard-hickman.html,English,London
/titanic-survivor/ellen-hocking.html,English,London
/titanic-victim/richard-hocking.html,English,London
/titanic-victim/samuel-hocking.html,English,London
/titanic-survivor/elizabeth-hocking.html,English,London
/titanic-victim/henry-price-hodges.html,English,London
/titanic-victim/stephen-hold.html,English,London
/titanic-survivor/annie-margaret-hold.html,English,London
/titanic-victim/ambrose-hood.html,English,London
/titanic-victim/benjamin-howard.html,English,London
/titanic-victim/ellen-truelove-howard.html,English,London
/titanic-victim/george-henry-hunt.html,English,London
/titanic-survivor/amy-jacobsohn.html,English,London
/titanic-victim/stephen-curnow-jenkin.html,English,London
/titanic-survivor/fannie-kelly.html,English,London
/titanic-survivor/amelia-lemore.html,English,London
/titanic-victim/robert-leyson.html,English,London
/titanic-survivor/alice-adelaide-louch.html,English,London
/titanic-victim/charles-louch.html,English,London
/titanic-victim/mary-mack.html,English,London
/titanic-victim/william-john-matthews.html,English,London
/titanic-victim/frank-maybery.html,English,London
/titanic-survivor/madeleine-violet-mellinger.html,English,London
/titanic-survivor/elizabeth-anne-mellinger.html,English,London
/titanic-survivor/william-mellors.html,English,London
/titanic-victim/henry-michael-mitchell.html,English,London
/titanic-victim/juozas-montvila.html,English,London
/titanic-victim/henry-samuel-morley.html,English,London
/titanic-victim/thomas-cupper-mudd.html,English,London
/titanic-victim/joseph-charles-nicholls.html,English,London
/titanic-survivor/elizabeth-nye.html,English,London
/titanic-victim/richard-otter.html,English,London
/titanic-survivor/percy-thomas-oxenham.html,English,London
/titanic-victim/frederick-pengelly.html,English,London
/titanic-survivor/alice-phillips.html,English,London
/titanic-survivor/kate-phillips.html,English,London
/titanic-survivor/winifred-vera-quick.html,English,London
/titanic-survivor/phyllis-may-quick.html,English,London
/titanic-survivor/jane-quick.html,English,London
/titanic-victim/david-reeves.html,English,London
/titanic-survivor/sibley-george-richards.html,English,London
/titanic-survivor/emily-richards.html,English,London
/titanic-survivor/william-rowe-richards.html,English,London
/titanic-survivor/lucy-ridsdale.html,English,London
/titanic-victim/reginald-harry-rogers.html,English,London
/titanic-victim/august-schmidt.html,English,London
/titanic-victim/charles-sedgwick.html,English,London
/titanic-victim/percival-sharp.html,English,London
/titanic-victim/richard-james-slemen.html,English,London
/titanic-survivor/marion-smith.html,English,London
/titanic-victim/samuel-james-hayden-sobey.html,English,London
/titanic-victim/philip-joseph-stokes.html,English,London
/titanic-victim/george-swane.html,English,London
/titanic-victim/george-frederick-sweet.html,English,London
/titanic-victim/percy-cornelius-taylor.html,English,London
/titanic-survivor/edwina-troutt.html,English,London
/titanic-victim/dorothy-ann-turpin.html,English,London
/titanic-victim/william-turpin.html,English,London
/titanic-victim/james-veal.html,English,London
/titanic-survivor/nellie-wallcroft.html,English,London
/titanic-victim/william-jeffery-ware.html,English,London
/titanic-victim/john-james-ware.html,English,London
/titanic-survivor/florence-louise-ware.html,English,London
/titanic-survivor/susan-webber.html,English,London
/titanic-survivor/addie-dart-wells.html,English,London
/titanic-survivor/joan-wells.html,English,London
/titanic-survivor/ralph-lester-wells.html,English,London
/titanic-survivor/constance-mirium-west.html,English,London
/titanic-victim/edwy-arthur-west.html,English,London
/titanic-survivor/barbara-joyce-west.html,English,London
/titanic-survivor/ada-mary-west.html,English,London
/titanic-victim/edwin-charles-fred-wheeler.html,English,London
/titanic-survivor/charles-wilhelms.html,English,London
/titanic-survivor/elizabeth-anne-wilkinson.html,English,London
/titanic-survivor/charles-eugene-williams.html,English,London
/titanic-victim/john-wesley-woodward.html,English,London
/titanic-survivor/marion-wright.html,English,London
/titanic-survivor/rhoda-mary-rosa-abbott.html,English,London
/titanic-victim/john-adams.html,English,London
/titanic-survivor/frank-philip-aks.html,English,London
/titanic-victim/william-alexander.html,English,London
/titanic-victim/william-henry-allen.html,English,London
/titanic-victim/owen-george-allum.html,English,London
/titanic-survivor/emily-badman.html,English,London
/titanic-victim/david-john-barton.html,English,London
/titanic-victim/william-thomas-beavan.html,English,London
/titanic-victim/owen-harris-braund.html,English,London
/titanic-victim/lewis-richard-braund.html,English,London
/titanic-victim/william-alfred-brocklebank.html,English,London
/titanic-victim/ernest-cann.html,English,London
/titanic-victim/alfred-john-carver.html,English,London
/titanic-survivor/gurshon-gus-cohen.html,English,London
/titanic-survivor/leslie-coutts.html,English,London
/titanic-survivor/winnie-coutts.html,English,London
/titanic-survivor/william-coutts.html,English,London
/titanic-victim/daniel-coxon.html,English,London
/titanic-victim/joseph-davies.html,English,London
/titanic-victim/alfred-davies.html,English,London
/titanic-victim/john-davies.html,English,London
/titanic-survivor/mary-davison.html,English,London
/titanic-victim/thomas-henry-davison.html,English,London
/titanic-survivor/bertram-vere-dean.html,English,London
/titanic-victim/bertram-frank-dean.html,English,London
/titanic-survivor/millvina-dean.html,English,London
/titanic-survivor/eva-georgetta-dean.html,English,London
/titanic-victim/samuel-dennis.html,English,London
/titanic-victim/william-dennis.html,English,London
/titanic-survivor/edward-arthur-dorking.html,English,London
/titanic-victim/william-james-elsbury.html,English,London
/titanic-victim/thomas-james-everett.html,English,London
/titanic-victim/charles-franklin.html,English,London
/titanic-victim/dollina-margaret-ford.html,English,London
/titanic-victim/robina-maggie-ford.html,English,London
/titanic-victim/edward-watson-ford.html,English,London
/titanic-victim/neal-thomas-ford.html,English,London
/titanic-victim/arthur-ford.html,English,London
/titanic-victim/john-garfirth.html,English,London
/titanic-victim/frank-goldsmith.html,English,London
/titanic-survivor/frankie-goldsmith.html,English,London
/titanic-survivor/emily-goldsmith.html,English,London
/titanic-victim/frederick-joseph-goodwin.html,English,London
/titanic-victim/sidney-leslie-goodwin.html,English,London
/titanic-victim/jessie-allis-goodwin.html,English,London
/titanic-victim/charles-edward-goodwin.html,English,London
/titanic-victim/augusta-goodwin.html,English,London
/titanic-victim/harold-victor-goodwin.html,English,London
/titanic-victim/william-frederick-goodwin.html,English,London
/titanic-victim/lillian-amy-goodwin.html,English,London
/titanic-victim/george-green-passenger.html,English,London
/titanic-victim/robert-stephen-guest.html,English,London
/titanic-victim/alice-phoebe-harknett.html,English,London
/titanic-survivor/may-elizabeth-howard.html,English,London
/titanic-survivor/abraham-hyman.html,English,London
/titanic-victim/william-andrew-johnston.html,English,London
/titanic-victim/catherine-nellie-johnston.html,English,London
/titanic-victim/james-lester.html,English,London
/titanic-victim/augusta-charlotta-lindblom.html,English,London
/titanic-victim/edward-thomas-lockyer.html,English,London
/titanic-victim/john-hall-henry-lovell.html,English,London
/titanic-victim/eileen-mcnamee.html,English,London
/titanic-victim/marian-meanwell.html,English,London
/titanic-victim/annie-louise-rowley-meek.html,English,London
/titanic-victim/leonard-charles-moore.html,English,London
/titanic-victim/william-morley.html,English,London
/titanic-victim/richard-cater-nosworthy.html,English,London
/titanic-victim/george-patchett.html,English,London
/titanic-victim/treasteall-peacock.html,English,London
/titanic-victim/edith-peacock.html,English,London
/titanic-victim/albert-edward-peacock.html,English,London
/titanic-victim/ernest-pearce.html,English,London
/titanic-victim/john-henry-perkin.html,English,London
/titanic-victim/harold-reynolds.html,English,London
/titanic-victim/albert-rice.html,English,London
/titanic-victim/samuel-beard-risien.html,English,London
/titanic-victim/emma-risien.html,English,London
/titanic-victim/alexander-robins.html,English,London
/titanic-victim/charity-robins.html,English,London
/titanic-victim/richard-henry-rouse.html,English,London
/titanic-victim/alfred-george-john-rush.html,English,London
/titanic-victim/harry-sadowitz.html,English,London
/titanic-victim/constance-gladys-sage.html,English,London
/titanic-victim/anthony-william-sage.html,English,London
/titanic-victim/george-john-sage.html,English,London
/titanic-victim/frederick-sage.html,English,London
/titanic-victim/annie-elizabeth-sage.html,English,London
/titanic-victim/thomas-henry-sage.html,English,London
/titanic-victim/elizabeth-ada-sage.html,English,London
/titanic-victim/dorothy-dolly-florence-sage.html,English,London
/titanic-victim/stella-anne-sage.html,English,London
/titanic-victim/douglas-bullen-sage.html,English,London
/titanic-victim/john-george-sage.html,English,London
/titanic-victim/william-henry-saundercock.html,English,London
/titanic-victim/frederick-charles-sawyer.html,English,London
/titanic-victim/frederick-blainey-shellard.html,English,London
/titanic-victim/john-simmons.html,English,London
/titanic-victim/francis-william-somerton.html,English,London
/titanic-victim/henry-john-spinner.html,English,London
/titanic-victim/edward-roland-stanley.html,English,London
/titanic-survivor/amy-zillah-elsie-stanley.html,English,London
/titanic-victim/thomas-storey.html,English,London
/titanic-survivor/victor-francis-sunderland.html,English,London
/titanic-victim/henry-sutehall.html,English,London
/titanic-victim/thomas-leonard-theobald.html,English,London
/titanic-survivor/florence-kate-thorneycroft.html,English,London
/titanic-victim/percival-thorneycroft.html,English,London
/titanic-victim/frederick-ware.html,English,London
/titanic-victim/charles-william-warren.html,English,London
/titanic-victim/james-webber.html,English,London
/titanic-survivor/ellen-wilkes.html,English,London
/titanic-victim/william-arthur-lobb.html,English,London
/titanic-victim/cordelia-lobb.html,English,London
/titanic-victim/frank-miles.html,English,London
/titanic-victim/rahamin-haim-moutal.html,English,London
/titanic-victim/joseph-murdlin.html,English,London
/titanic-victim/william-henry-nancarrow.html,English,London
/titanic-victim/joseph-peduzzi.html,English,London
/titanic-victim/marius-petersen.html,English,London
/titanic-victim/charles-joseph-shorney.html,English,London
/titanic-victim/maurice-sirota.html,English,London
/titanic-victim/selman-francis-slocovski.html,English,London
/titanic-victim/ernst-wilhelm-torber.html,English,London
/titanic-victim/james-william-van-billiard.html,English,London
/titanic-victim/walter-john-van-billiard.html,English,London
/titanic-victim/phillippe-wiseman.html,English,London
/titanic-victim/erik-gustaf-collander.html,Finnish,Helsinki
/titanic-survivor/anna-hamalainen.html,Finnish,Helsinki
/titanic-victim/marta-hiltunen.html,Finnish,Helsinki
/titanic-victim/william-lahtinen.html,Finnish,Helsinki
/titanic-survivor/lyyli-karoliina-silven.html,Finnish,Helsinki
/titanic-survivor/anna-sinkkonen.html,Finnish,Helsinki
/titanic-survivor/august-abrahamsson.html,Finnish,Helsinki
/titanic-victim/iisakki-aijo-nirva.html,Finnish,Helsinki
/titanic-victim/ilmari-rudolf-alhomaki.html,Finnish,Helsinki
/titanic-survivor/erna-andersson.html,Finnish,Helsinki
/titanic-survivor/maria-mathilda-backstrom.html,Finnish,Helsinki
/titanic-victim/karl-alfred-backstrom.html,Finnish,Helsinki
/titanic-victim/karl-ivar-sven-berglund.html,Finnish,Helsinki
/titanic-victim/alfred-ossian-gustafsson.html,Finnish,Helsinki
/titanic-victim/johan-birger-gustafsson.html,Finnish,Helsinki
/titanic-victim/anders-vilhelm-gustafsson.html,Finnish,Helsinki
/titanic-victim/pekka-pietari-hakkarainen.html,Finnish,Helsinki
/titanic-survivor/elin-matilda-hakkarainen.html,Finnish,Helsinki
/titanic-survivor/laina-heikkinen.html,Finnish,Helsinki
/titanic-victim/wendla-maria-heininen.html,Finnish,Helsinki
/titanic-survivor/hildur-hirvonen.html,Finnish,Helsinki
/titanic-survivor/helga-hirvonen.html,Finnish,Helsinki
/titanic-survivor/eliina-honkanen.html,Finnish,Helsinki
/titanic-victim/ida-livija-ilmakangas.html,Finnish,Helsinki
/titanic-victim/pieta-sofia-ilmakangas.html,Finnish,Helsinki
/titanic-victim/jakob-alfred-johanson.html,Finnish,Helsinki
/titanic-survivor/aliina-vilhelmina-johnson.html,Finnish,Helsinki
/titanic-survivor/eiriik-jussila.html,Finnish,Helsinki
/titanic-victim/katriina-jussila.html,Finnish,Helsinki
/titanic-victim/mari-aina-jussila.html,Finnish,Helsinki
/titanic-victim/nikolai-erland-kallio.html,Finnish,Helsinki
/titanic-victim/kristina-sofia-laitinen.html,Finnish,Helsinki
/titanic-victim/antti-gustaf-leinonen.html,Finnish,Helsinki
/titanic-survivor/eino-william-lindqvist.html,Finnish,Helsinki
/titanic-victim/matti-alexanteri-maenpaa.html,Finnish,Helsinki
/titanic-victim/kalle-edvard-makinen.html,Finnish,Helsinki
/titanic-victim/manta-josefina-nieminen.html,Finnish,Helsinki
/titanic-survivor/juha-niskanen.html,Finnish,Helsinki
/titanic-victim/maija-emelia-abrahamintytar-panula.html,Finnish,Helsinki
/titanic-victim/juha-niilo-panula.html,Finnish,Helsinki
/titanic-victim/edvard-pekoniemi.html,Finnish,Helsinki
/titanic-victim/nikolai-johannes-peltomaki.html,Finnish,Helsinki
/titanic-victim/susanna-juhantytar-sanni-riihivuori.html,Finnish,Helsinki
/titanic-victim/matti-rintamaki.html,Finnish,Helsinki
/titanic-victim/helena-wilhelmina-rosblom.html,Finnish,Helsinki
/titanic-victim/viktor-richard-rosblom.html,Finnish,Helsinki
/titanic-victim/salli-helena-rosblom.html,Finnish,Helsinki
/titanic-survivor/anna-sofia-sjoblom.html,Finnish,Helsinki
/titanic-victim/ida-sofia-strandberg.html,Finnish,Helsinki
/titanic-survivor/juho-niilosson-stranden.html,Finnish,Helsinki
/titanic-survivor/johan-julian-sundman.html,Finnish,Helsinki
/titanic-victim/juho-tikkanen.html,Finnish,Helsinki
/titanic-survivor/anna-sofia-turja.html,Finnish,Helsinki
/titanic-survivor/hedwig-turkula.html,Finnish,Helsinki
/titanic-victim/karl-johan-wiklund.html,Finnish,Helsinki
/titanic-victim/jakob-alfred-wiklund.html,Finnish,Helsinki
/titanic-victim/urho-abraham-panula.html,Finnish,Helsinki
/titanic-victim/ernesti-arvid-panula.html,Finnish,Helsinki
/titanic-victim/eino-viljam-panula.html,Finnish,Helsinki
/titanic-victim/jaako-arnold-panula.html,Finnish,Helsinki
/titanic-victim/michel-navratil.html,French,Paris
/titanic-survivor/leontine-pauline-aubart.html,French,Paris
/titanic-survivor/victorine-chaudanson.html,French,Paris
/titanic-survivor/amelia-icard.html,French,Paris
/titanic-survivor/berthe-leroy.html,French,Paris
/titanic-survivor/gustave-lesueur.html,French,Paris
/titanic-survivor/elise-lurette.html,French,Paris
/titanic-survivor/pierre-marechal.html,French,Paris
/titanic-survivor/alfred-fernand-omont.html,French,Paris
/titanic-survivor/auguste-serreplan.html,French,Paris
/titanic-survivor/marie-eugenie-spencer.html,French,Paris
/titanic-victim/roger-bricoux.html,French,Paris
/titanic-victim/georges-krins.html,French,Paris
/titanic-survivor/louise-laroche.html,French,Paris
/titanic-victim/joseph-laroche.html,French,Paris
/titanic-survivor/simonne-laroche.html,French,Paris
/titanic-survivor/juliette-laroche.html,French,Paris
/titanic-victim/rene-jacques-levy.html,French,Paris
/titanic-victim/jean-noel-malachard.html,French,Paris
/titanic-survivor/antonine-marie-mallet.html,French,Paris
/titanic-survivor/andre-clement-mallet.html,French,Paris
/titanic-victim/albert-mallet.html,French,Paris
/titanic-survivor/michel-marcel-navratil.html,French,Paris
/titanic-survivor/edmond-roger-navratil.html,French,Paris
/titanic-victim/rene-pernot.html,French,Paris
/titanic-victim/emile-phillippe-richard.html,French,Paris
/titanic-victim/henriette-yvois.html,French,Paris
/titanic-victim/henry-lefebvre.html,French,Paris
/titanic-victim/mathilde-lefebvre.html,French,Paris
/titanic-victim/ida-lefebvre.html,French,Paris
/titanic-victim/frances-marie-lefebvre.html,French,Paris
/titanic-victim/jeannie-lefebvre.html,French,Paris
/titanic-survivor/emily-gieger.html,German,Berlin
/titanic-survivor/emilie-kreuchen.html,German,Berlin
/titanic-survivor/alfred-nourney.html,German,Berlin
/titanic-victim/george-rosenshine.html,German,Berlin
/titanic-survivor/adolphe-saalfeld.html,German,Berlin
/titanic-victim/ida-straus.html,German,Berlin
/titanic-victim/august-meyer.html,German,Berlin
/titanic-victim/josef-peruschitz.html,German,Berlin
/titanic-victim/emil-christmann.html,German,Berlin
/titanic-victim/leo-zimmermann.html,German,Berlin
/titanic-victim/panagiotis-lymperopoulus.html,Greek,Athens
/titanic-victim/apostolos-chronopoulos.html,Greek,Athens
/titanic-victim/dimitrios-chronopoulos.html,Greek,Athens
/titanic-victim/vasilios-katavelos.html,Greek,Athens
/titanic-victim/leopold-weisz.html,Hungarian,Budapest
/titanic-survivor/anna-annie-mcgowan.html,Irish,Dublin
/titanic-victim/thomas-andrews.html,Irish,Dublin
/titanic-victim/arthur-jackson-brewe.html,Irish,Dublin
/titanic-victim/edward-pomeroy-colley.html,Irish,Dublin
/titanic-survivor/james-mcgough.html,Irish,Dublin
/titanic-survivor/helen-wilson.html,Irish,Dublin
/titanic-victim/william-campbell.html,Irish,Dublin
/titanic-victim/alfred-fleming-cunningham.html,Irish,Dublin
/titanic-victim/william-henry-gillespie.html,Irish,Dublin
/titanic-survivor/nora-keane.html,Irish,Dublin
/titanic-victim/daniel-keane.html,Irish,Dublin
/titanic-victim/robert-knight.html,Irish,Dublin
/titanic-victim/john-joseph-lamb.html,Irish,Dublin
/titanic-victim/john-lingane.html,Irish,Dublin
/titanic-victim/thomas-francis-myles.html,Irish,Dublin
/titanic-victim/frank-parkes.html,Irish,Dublin
/titanic-survivor/ellen-mary-toomey.html,Irish,Dublin
/titanic-victim/ennis-hastings-watson.html,Irish,Dublin
/titanic-victim/julia-barry.html,Irish,Dublin
/titanic-victim/mary-bourke.html,Irish,Dublin
/titanic-victim/john-bourke.html,Irish,Dublin
/titanic-victim/catherine-bourke.html,Irish,Dublin
/titanic-survivor/bridget-bradley.html,Irish,Dublin
/titanic-victim/katherine-buckley.html,Irish,Dublin
/titanic-survivor/daniel-buckley.html,Irish,Dublin
/titanic-victim/jeremiah-burke.html,Irish,Dublin
/titanic-victim/mary-delia-burns.html,Irish,Dublin
/titanic-victim/mary-canavan.html,Irish,Dublin
/titanic-victim/patrick-canavan.html,Irish,Dublin
/titanic-victim/jane-carr.html,Irish,Dublin
/titanic-victim/david-charters.html,Irish,Dublin
/titanic-victim/patrick-colbert.html,Irish,Dublin
/titanic-victim/michael-connaughton.html,Irish,Dublin
/titanic-survivor/kate-connolly.html,Irish,Dublin
/titanic-victim/kate-connolly-2.html,Irish,Dublin
/titanic-victim/patrick-connors.html,Irish,Dublin
/titanic-survivor/helen-corr.html,Irish,Dublin
/titanic-survivor/eugene-patrick-daly.html,Irish,Dublin
/titanic-survivor/maggie-daly.html,Irish,Dublin
/titanic-survivor/margaret-devaney.html,Irish,Dublin
/titanic-victim/william-john-dougherty.html,Irish,Dublin
/titanic-victim/bridget-donohoe.html,Irish,Dublin
/titanic-victim/patrick-dooley.html,Irish,Dublin
/titanic-victim/elizabeth-doyle.html,Irish,Dublin
/titanic-survivor/bridget-driscoll.html,Irish,Dublin
/titanic-victim/frank-dwan.html,Irish,Dublin
/titanic-victim/jim-farrell.html,Irish,Dublin
/titanic-victim/honora-fleming.html,Irish,Dublin
/titanic-victim/john-flynn.html,Irish,Dublin
/titanic-victim/james-flynn.html,Irish,Dublin
/titanic-victim/william-foley.html,Irish,Dublin
/titanic-victim/joseph-foley.html,Irish,Dublin
/titanic-victim/patrick-fox.html,Irish,Dublin
/titanic-victim/martin-gallagher.html,Irish,Dublin
/titanic-survivor/katie-gilnagh.html,Irish,Dublin
/titanic-survivor/mary-agatha-glynn.html,Irish,Dublin
/titanic-victim/kate-hargadon.html,Irish,Dublin
/titanic-victim/henry-hart.html,Irish,Dublin
/titanic-survivor/hanora-nora-healy.html,Irish,Dublin
/titanic-victim/hanora-nora-hegarty.html,Irish,Dublin
/titanic-victim/bridget-delia-henry.html,Irish,Dublin
/titanic-victim/john-nee-landers-horgan.html,Irish,Dublin
/titanic-survivor/annie-jane-jermyn.html,Irish,Dublin
/titanic-victim/andrew-andy-keane.html,Irish,Dublin
/titanic-survivor/anna-katherine-kelly.html,Irish,Dublin
/titanic-survivor/mary-kelly.html,Irish,Dublin
/titanic-victim/james-kelly-2.html,Irish,Dublin
/titanic-survivor/john-kennedy.html,Irish,Dublin
/titanic-victim/john-kiernan.html,Irish,Dublin
/titanic-victim/philip-kiernan.html,Irish,Dublin
/titanic-victim/thomas-kilgannon.html,Irish,Dublin
/titanic-victim/patrick-lane.html,Irish,Dublin
/titanic-victim/denis-lennon.html,Irish,Dublin
/titanic-victim/michael-linehan.html,Irish,Dublin
/titanic-survivor/margaret-maggie-madigan.html,Irish,Dublin
/titanic-victim/bridget-delia-mahon.html,Irish,Dublin
/titanic-victim/mary-mangan.html,Irish,Dublin
/titanic-survivor/margaret-mannion.html,Irish,Dublin
/titanic-survivor/catherine-katie-mccarthy.html,Irish,Dublin
/titanic-survivor/thomas-joseph-mccormack.html,Irish,Dublin
/titanic-survivor/alice-mccoy.html,Irish,Dublin
/titanic-survivor/bernard-mccoy.html,Irish,Dublin
/titanic-survivor/agnes-mccoy.html,Irish,Dublin
/titanic-survivor/bridget-delia-mcdermott.html,Irish,Dublin
/titanic-victim/michael-mcevoy.html,Irish,Dublin
/titanic-survivor/mary-mcgovern.html,Irish,Dublin
/titanic-victim/catherine-mcgowan.html,Irish,Dublin
/titanic-victim/martin-mcmahon.html,Irish,Dublin
/titanic-victim/neal-mcnamee.html,Irish,Dublin
/titanic-victim/bridget-mcneill.html,Irish,Dublin
/titanic-victim/john-meehan.html,Irish,Dublin
/titanic-victim/robert-mernagh.html,Irish,Dublin
/titanic-survivor/ellen-mary-mockler.html,Irish,Dublin
/titanic-victim/daniel-james-moran.html,Irish,Dublin
/titanic-survivor/bertha-bridget-moran.html,Irish,Dublin
/titanic-victim/thomas-rowan-morrow.html,Irish,Dublin
/titanic-victim/mary-lennon-mullin.html,Irish,Dublin
/titanic-survivor/catherine-mullin.html,Irish,Dublin
/titanic-survivor/bridget-mulvihill.html,Irish,Dublin
/titanic-survivor/catherine-kate-murphy.html,Irish,Dublin
/titanic-survivor/nora-murphy.html,Irish,Dublin
/titanic-survivor/margaret-murphy.html,Irish,Dublin
/titanic-victim/hannah-naughton.html,Irish,Dublin
/titanic-survivor/johanna-hannah-obrien.html,Irish,Dublin
/titanic-victim/denis-obrien.html,Irish,Dublin
/titanic-victim/thomas-obrien.html,Irish,Dublin
/titanic-victim/patrick-denis-oconnell.html,Irish,Dublin
/titanic-victim/maurice-oconnor.html,Irish,Dublin
/titanic-victim/patrick-oconnor.html,Irish,Dublin
/titanic-survivor/ellen-nellie-odwyer.html,Irish,Dublin
/titanic-survivor/patrick-o-keeffe.html,Irish,Dublin
/titanic-survivor/hanora-nora-oleary.html,Irish,Dublin
/titanic-victim/bridget-mary-osullivan.html,Irish,Dublin
/titanic-victim/katie-peters.html,Irish,Dublin
/titanic-survivor/hannah-riordan.html,Irish,Dublin
/titanic-survivor/edward-ryan.html,Irish,Dublin
/titanic-victim/patrick-ryan.html,Irish,Dublin
/titanic-victim/matthew-sadlier.html,Irish,Dublin
/titanic-victim/james-scanlan.html,Irish,Dublin
/titanic-victim/lionel-leonard.html,Irish,Dublin
/titanic-victim/patrick-shaughnessy.html,Irish,Dublin
/titanic-survivor/ellen-natalia-shine.html,Irish,Dublin
/titanic-victim/thomas-smyth.html,Irish,Dublin
/titanic-survivor/julia-smyth.html,Irish,Dublin
/titanic-victim/roger-tobin.html,Irish,Dublin
/titanic-victim/margaret-rice.html,Irish,Dublin
/titanic-survivor/albina-bazzani.html,Italian,Rome
/titanic-victim/victor-giglio.html,Italian,Rome
/titanic-victim/sante-righini.html,Italian,Rome
/titanic-victim/sebastiano-del-carlo.html,Italian,Rome
/titanic-survivor/argene-del-carlo.html,Italian,Rome
/titanic-victim/emilio-mangiavacchi.html,Italian,Rome
/titanic-victim/francesco-celotti.html,Italian,Rome
/titanic-survivor/luigi-finoli.html,Italian,Rome
/titanic-victim/alfonzo-meo-martino.html,Italian,Rome
/titanic-survivor/masabumi-hosono.html,Japanese,Tokyo
/titanic-victim/david-abraham-harmer-livshin.html,Latvian,Riga
/titanic-victim/solomon-bowenur.html,Lithuanian,Vilnius
/titanic-victim/eliezer-gilinski.html,Lithuanian,Vilnius
/titanic-victim/dmitri-marinko.html,Macedonian,Skopje
/titanic-victim/manuel-uruchurtu.html,Mexican,Mexico City
/titanic-victim/engelhart-cornelius-ostby.html,Norwegian,Oslo
/titanic-victim/arne-joma-fahlstrom.html,Norwegian,Oslo
/titanic-survivor/olaus-jorgensen-abelseth.html,Norwegian,Oslo
/titanic-survivor/karen-marie-abelseth.html,Norwegian,Oslo
/titanic-victim/albert-karvin-andersen.html,Norwegian,Oslo
/titanic-victim/hans-martin-monsen-birkeland.html,Norwegian,Oslo
/titanic-survivor/charles-edward-dahl.html,Norwegian,Oslo
/titanic-victim/daniel-danielsen-gronnestad.html,Norwegian,Oslo
/titanic-victim/ingvald-olai-olsen-hagland.html,Norwegian,Oslo
/titanic-victim/konrad-hagland.html,Norwegian,Oslo
/titanic-victim/johan-martin-holthen.html,Norwegian,Oslo
/titanic-victim/adolf-mathias-nicolai-olsen-humblen.html,Norwegian,Oslo
/titanic-victim/lena-jakobsen-solvang.html,Norwegian,Oslo
/titanic-survivor/bernt-johannes-johannesen.html,Norwegian,Oslo
/titanic-victim/johannes-kalvik.html,Norwegian,Oslo
/titanic-survivor/fridtjof-arne-madsen.html,Norwegian,Oslo
/titanic-survivor/albert-johan-moss.html,Norwegian,Oslo
/titanic-victim/johan-hansen-nysveen.html,Norwegian,Oslo
/titanic-victim/karl-siegwart-andreas-olsen.html,Norwegian,Oslo
/titanic-victim/olaf-pedersen.html,Norwegian,Oslo
/titanic-victim/knud-paust-rommetvedt.html,Norwegian,Oslo
/titanic-victim/simon-sivertsen-saether.html,Norwegian,Oslo
/titanic-victim/peter-andreas-lauritz-andersen-soholt.html,Norwegian,Oslo
/titanic-survivor/artur-karl-olsen.html,Norwegian,Oslo
/titanic-survivor/karl-albert-midtsjo.html,Norwegian,Oslo
/titanic-victim/sigurd-hansen-moen.html,Norwegian,Oslo
/titanic-victim/henry-margido-olsen.html,Norwegian,Oslo
/titanic-victim/thor-anderson-olsvigen.html,Norwegian,Oslo
/titanic-survivor/anna-kristine-salkjelsvik.html,Norwegian,Oslo
/titanic-victim/jakob-birnbaum.html,Polish,Warsaw
/titanic-survivor/rosa-pinsky.html,Polish,Warsaw
/titanic-survivor/leah-aks.html,Polish,Warsaw
/titanic-victim/harry-corn.html,Polish,Warsaw
/titanic-survivor/berk-pickard.html,Polish,Warsaw
/titanic-survivor/sarah-roth.html,Polish,Warsaw
/titanic-victim/woolf-spector.html,Polish,Warsaw
/titanic-victim/jose-joaquim-de-brito.html,Portuguese,Lisbon
/titanic-victim/domingos-fernandeo-coelho.html,Portuguese,Lisbon
/titanic-victim/manuel-goncalves-estanislau.html,Portuguese,Lisbon
/titanic-victim/jose-neto-jardim.html,Portuguese,Lisbon
/titanic-victim/samuel-abelson.html,Russian,Moscow
/titanic-survivor/abelson.html,Russian,Moscow
/titanic-victim/samuel-greenberg.html,Russian,Moscow
/titanic-victim/sinai-kantor.html,Russian,Moscow
/titanic-survivor/miriam-kantor.html,Russian,Moscow
/titanic-victim/israel-nesson.html,Russian,Moscow
/titanic-victim/moses-aaron-troupiansky.html,Russian,Moscow
/titanic-victim/jacob-cook.html,Russian,Moscow
/titanic-survivor/jennie-dropkin.html,Russian,Moscow
/titanic-victim/simon-kutscher-lithman.html,Russian,Moscow
/titanic-victim/simon-maisner.html,Russian,Moscow
/titanic-victim/uscher-pulner.html,Russian,Moscow
/titanic-survivor/beila-moor.html,Russian,Moscow
/titanic-survivor/meier-moor.html,Russian,Moscow
/titanic-victim/aaron-willer.html,Russian,Moscow
/titanic-victim/alexander-cairns.html,Scottish,Edinburgh
/titanic-victim/roderick-chisholm.html,Scottish,Edinburgh
/titanic-victim/john-weir.html,Scottish,Edinburgh
/titanic-victim/john-harper.html,Scottish,Edinburgh
/titanic-survivor/nina-harper.html,Scottish,Edinburgh
/titanic-victim/jock-hume.html,Scottish,Edinburgh
/titanic-survivor/jessie-leitch.html,Scottish,Edinburgh
/titanic-victim/robert-douglas-norman.html,Scottish,Edinburgh
/titanic-survivor/jessie-trout.html,Scottish,Edinburgh
/titanic-survivor/bertha-watt.html,Scottish,Edinburgh
/titanic-survivor/bessie-watt.html,Scottish,Edinburgh
/titanic-victim/margaret-ann-watson-ford.html,Scottish,Edinburgh
/titanic-victim/andrew-emslie-johnston.html,Scottish,Edinburgh
/titanic-victim/eliza-johnston.html,Scottish,Edinburgh
/titanic-victim/james-kelly.html,Scottish,Edinburgh
/titanic-victim/george-william-mackay.html,Scottish,Edinburgh
/titanic-victim/alexander-morrison-thompson.html,Scottish,Edinburgh
/titanic-survivor/alden-gates-caldwell.html,Siamese,Bangkok
/titanic-survivor/franz-karun.html,Slovenian,Ljubljana
/titanic-victim/janko-vovk.html,Slovenian,Ljubljana
/titanic-survivor/manca-karun.html,Slovenian,Ljubljana
/titanic-victim/jakob-pasic.html,Slovenian,Ljubljana
/titanic-victim/charles-henry-chapman.html,South African,Pretoria
/titanic-victim/sidney-samuel-jacobsohn.html,South African,Pretoria
/titanic-victim/thomas-william-solomon-brown.html,South African,Pretoria
/titanic-survivor/elizabeth-catherine-brown.html,South African,Pretoria
/titanic-survivor/fermina-oliva-y-ocana.html,Spanish,Madrid
/titanic-victim/servando-jose-florentino-ovies-y-rodriguez.html,Spanish,Madrid
/titanic-victim/victor-penasco.html,Spanish,Madrid
/titanic-survivor/maria-penasco.html,Spanish,Madrid
/titanic-survivor/florentina-duran-y-more.html,Spanish,Madrid
/titanic-survivor/asuncion-duran-y-more.html,Spanish,Madrid
/titanic-survivor/julian-padron-manent.html,Spanish,Madrid
/titanic-survivor/emilio-pallas-y-castello.html,Spanish,Madrid
/titanic-survivor/encarnacion-reynaldo.html,Spanish,Madrid
/titanic-victim/carl-robert-carlsson.html,Swedish,Stockholm
/titanic-survivor/mauritz-hakan-bjornstrom-steffansson.html,Swedish,Stockholm
/titanic-victim/frans-olof-carlsson.html,Swedish,Stockholm
/titanic-victim/erik-lindeberg-lind.html,Swedish,Stockholm
/titanic-survivor/sigrid-lindstrom.html,Swedish,Stockholm
/titanic-victim/kurt-arnold-gottfrid-bryhl.html,Swedish,Stockholm
/titanic-survivor/dagmar-bryhl.html,Swedish,Stockholm
/titanic-survivor/karolina-bystrom.html,Swedish,Stockholm
/titanic-victim/ingvar-enander.html,Swedish,Stockholm
/titanic-victim/johan-henrik-johannesson-kvillner.html,Swedish,Stockholm
/titanic-victim/ernst-adolf-sjostedt.html,Swedish,Stockholm
/titanic-victim/mauritz-adahl.html,Swedish,Stockholm
/titanic-victim/johanna-persdotter-ahlin.html,Swedish,Stockholm
/titanic-victim/alfrida-konstantia-brogren-andersson.html,Swedish,Stockholm
/titanic-victim/sigrid-elisabeth-andersson.html,Swedish,Stockholm
/titanic-victim/ida-augusta-margareta-andersson.html,Swedish,Stockholm
/titanic-victim/sigvard-harald-elias-andersson.html,Swedish,Stockholm
/titanic-victim/ingeborg-constanzia-andersson.html,Swedish,Stockholm
/titanic-victim/anders-andersson.html,Swedish,Stockholm
/titanic-victim/johan-samuel-andersson.html,Swedish,Stockholm
/titanic-victim/ellis-anna-maria-andersson.html,Swedish,Stockholm
/titanic-victim/ebba-iris-alfrida-andersson.html,Swedish,Stockholm
/titanic-victim/paul-edvin-andreasson.html,Swedish,Stockholm
/titanic-victim/ernst-axel-algot-aronsson.html,Swedish,Stockholm
/titanic-survivor/selma-augusta-emilia-asplund.html,Swedish,Stockholm
/titanic-survivor/johan-charles-asplund.html,Swedish,Stockholm
/titanic-victim/filip-oscar-asplund.html,Swedish,Stockholm
/titanic-victim/carl-edgar-asplund.html,Swedish,Stockholm
/titanic-victim/carl-asplund.html,Swedish,Stockholm
/titanic-survivor/edvin-rojj-felix-asplund.html,Swedish,Stockholm
/titanic-victim/clarence-gustaf-hugo-asplund.html,Swedish,Stockholm
/titanic-victim/albert-augustsson.html,Swedish,Stockholm
/titanic-victim/johan-viktor-bengtsson.html,Swedish,Stockholm
/titanic-victim/ernst-herbert-bjorklund.html,Swedish,Stockholm
/titanic-victim/elin-ester-maria-braf.html,Swedish,Stockholm
/titanic-victim/karl-rudolf-brobeck.html,Swedish,Stockholm
/titanic-victim/august-sigfrid-carlsson.html,Swedish,Stockholm
/titanic-victim/gerda-ulrika-dahlberg.html,Swedish,Stockholm
/titanic-victim/anna-sigrid-maria-danbom.html,Swedish,Stockholm
/titanic-victim/gilbert-sigvard-emanuel-danbom.html,Swedish,Stockholm
/titanic-victim/gustaf-hjalmar-edvardsson.html,Swedish,Stockholm
/titanic-victim/hans-linus-eklund.html,Swedish,Stockholm
/titanic-victim/johan-ekstrom.html,Swedish,Stockholm
/titanic-victim/eberhard-fischer.html,Swedish,Stockholm
/titanic-victim/karl-gideon-gustafsson.html,Swedish,Stockholm
/titanic-survivor/oskar-arvid-hedman.html,Swedish,Stockholm
/titanic-survivor/hilda-maria-hellstrom.html,Swedish,Stockholm
/titanic-victim/jenny-lovisa-henriksson.html,Swedish,Stockholm
/titanic-victim/john-fredrik-alexander-holm.html,Swedish,Stockholm
/titanic-survivor/carl-olof-jansson.html,Swedish,Stockholm
/titanic-victim/gustaf-joel-johansson.html,Swedish,Stockholm
/titanic-victim/nils-johansson.html,Swedish,Stockholm
/titanic-survivor/oscar-wilhelm-Johansson.html,Swedish,Stockholm
/titanic-victim/karl-johan-johansson.html,Swedish,Stockholm
/titanic-victim/erik-johansson.html,Swedish,Stockholm
/titanic-survivor/harold-theodor-johnson.html,Swedish,Stockholm
/titanic-victim/malkolm-joackim-johnson.html,Swedish,Stockholm
/titanic-survivor/eleanor-ileen-johnson.html,Swedish,Stockholm
/titanic-survivor/carl-jonsson.html,Swedish,Stockholm
/titanic-victim/nils-hilding-jonsson.html,Swedish,Stockholm
/titanic-survivor/einar-gervasius-karlsson.html,Swedish,Stockholm
/titanic-victim/julius-konrad-eugen-karlsson.html,Swedish,Stockholm
/titanic-victim/nils-august-karlsson.html,Swedish,Stockholm
/titanic-victim/gertrud-emilia-klasen.html,Swedish,Stockholm
/titanic-victim/hulda-kristina-eugenia-klasen.html,Swedish,Stockholm
/titanic-victim/klas-albin-klasen.html,Swedish,Stockholm
/titanic-survivor/aurora-adelia-landergren.html,Swedish,Stockholm
/titanic-victim/bengt-edvin-larsson.html,Swedish,Stockholm
/titanic-victim/august-viktor-larsson.html,Swedish,Stockholm
/titanic-victim/agda-thorilda-viktoria-lindahl.html,Swedish,Stockholm
/titanic-victim/edvard-bengtsson-lindell.html,Swedish,Stockholm
/titanic-victim/elin-gerda-lindell.html,Swedish,Stockholm
/titanic-victim/johan-svensson-lundahl.html,Swedish,Stockholm
/titanic-survivor/olga-elida-lundin.html,Swedish,Stockholm
/titanic-survivor/thure-edvin-lundstrom.html,Swedish,Stockholm
/titanic-victim/samuel-niklasson.html,Swedish,Stockholm
/titanic-survivor/berta-olivia-nilsson.html,Swedish,Stockholm
/titanic-survivor/helmina-josefina-nilsson.html,Swedish,Stockholm
/titanic-victim/august-ferdinand-nilsson.html,Swedish,Stockholm
/titanic-survivor/anna-sofia-nysten.html,Swedish,Stockholm
/titanic-victim/nils-martin-odahl.html,Swedish,Stockholm
/titanic-survivor/velin-ohman.html,Swedish,Stockholm
/titanic-victim/nils-johan-goransson-olsson.html,Swedish,Stockholm
/titanic-victim/ellen-natalia-pettersson.html,Swedish,Stockholm
/titanic-victim/johan-emil-pettersson.html,Swedish,Stockholm
/titanic-victim/edvard-larsson-rondberg.html,Swedish,Stockholm
/titanic-victim/karl-johan-salander.html,Swedish,Stockholm
/titanic-victim/wilhelm-william-johansson-skoog.html,Swedish,Stockholm
/titanic-victim/elna-matilda-strom.html,Swedish,Stockholm
/titanic-survivor/johan-cervin-svensson.html,Swedish,Stockholm
/titanic-victim/johan-svensson.html,Swedish,Stockholm
/titanic-victim/olof-svensson.html,Swedish,Stockholm
/titanic-survivor/gunnar-isidor-tenglin.html,Swedish,Stockholm
/titanic-victim/hulda-amanda-adolfina-vestrom.html,Swedish,Stockholm
/titanic-victim/olof-edvin-vendel.html,Swedish,Stockholm
/titanic-survivor/august-wennerstrom.html,Swedish,Stockholm
/titanic-victim/carl-charles-peter-widegren.html,Swedish,Stockholm
/titanic-survivor/marguerite-rut-sandstrom.html,Swedish,Stockholm
/titanic-survivor/agnes-charlotta-sandstrom.html,Swedish,Stockholm
/titanic-survivor/beatrice-irene-sandstrom.html,Swedish,Stockholm
/titanic-victim/pehr-fabian-oliver-malkolm-myhrman.html,Swedish,Stockholm
/titanic-victim/elina-olsson.html,Swedish,Stockholm
/titanic-victim/olaf-elon-osen.html,Swedish,Stockholm
/titanic-survivor/oskar-palmquist.html,Swedish,Stockholm
/titanic-victim/paul-folke-palsson.html,Swedish,Stockholm
/titanic-victim/alma-cornelia-palsson.html,Swedish,Stockholm
/titanic-victim/stina-viola-palsson.html,Swedish,Stockholm
/titanic-victim/gosta-leonard-palsson.html,Swedish,Stockholm
/titanic-victim/torborg-danira-palsson.html,Swedish,Stockholm
/titanic-survivor/ernst-ulrik-persson.html,Swedish,Stockholm
/titanic-victim/anna-bernhardina-skoog.html,Swedish,Stockholm
/titanic-survivor/william-henry-tornquist.html,Swedish,Stockholm
/titanic-survivor/anton-kink.html,Swiss,Bern
/titanic-victim/vincenz-kink.html,Swiss,Bern
/titanic-victim/maria-kink.html,Swiss,Bern
/titanic-survivor/luise-kink-heilmann.html,Swiss,Bern
/titanic-survivor/hedwig-margaritha-frolicher.html,Swiss,Bern
/titanic-survivor/maximilian-frolicher-stehli.html,Swiss,Bern
/titanic-survivor/margaretha-frolicher-stehli.html,Swiss,Bern
/titanic-survivor/emma-sagesser.html,Swiss,Bern
/titanic-survivor/alfons-simonius-blumer.html,Swiss,Bern
/titanic-survivor/max-stahelin-maeglin.html,Swiss,Bern
/titanic-survivor/marie-marthe-jerwan.html,Swiss,Bern
/titanic-survivor/bertha-lehmann.html,Swiss,Bern
/titanic-victim/josef-arnold-franchi.html,Swiss,Bern
/titanic-victim/josefine-arnold-franchi.html,Swiss,Bern
/titanic-victim/aloisia-haas.html,Swiss,Bern
/titanic-survivor/luise-gretchen-kink-heilmann.html,Swiss,Bern
/titanic-victim/albert-wirz.html,Swiss,Bern
/titanic-victim/nicholas-nasser.html,Syrian,Damascus
/titanic-survivor/adele-nasser.html,Syrian,Damascus
/titanic-victim/gerios-yousseff-abi-saab.html,Syrian,Damascus
/titanic-survivor/shawneene-george-joseph.html,Syrian,Damascus
/titanic-victim/daher-shedid.html,Syrian,Damascus
/titanic-survivor/nassef-cassem-albimona.html,Syrian,Damascus
/titanic-victim/ahmed-ali.html,Syrian,Damascus
/titanic-survivor/helene-baclini.html,Syrian,Damascus
/titanic-survivor/marie-baclini.html,Syrian,Damascus
/titanic-survivor/eugenie-baclini.html,Syrian,Damascus
/titanic-survivor/latifa-baclini.html,Syrian,Damascus
/titanic-victim/fared-kassem-houssein.html,Syrian,Damascus
/titanic-survivor/fahim-philip-zenni-leeni.html,Syrian,Damascus
/titanic-victim/william-ali.html,Syrian,Damascus
/titanic-victim/adola-asim.html,Syrian,Damascus
/titanic-victim/ali-assam.html,Syrian,Damascus
/titanic-victim/malake-attalah.html,Syrian,Damascus
/titanic-victim/sleiman-attala.html,Syrian,Damascus
/titanic-survivor/banoura-ayoub-daher.html,Syrian,Damascus
/titanic-victim/mohamed-badt.html,Syrian,Damascus
/titanic-victim/catherine-david-barbara.html,Syrian,Damascus
/titanic-victim/saiide-barbara.html,Syrian,Damascus
/titanic-victim/raihed-razi.html,Syrian,Damascus
/titanic-victim/boulos-hanna.html,Syrian,Damascus
/titanic-victim/nourelain-boulos.html,Syrian,Damascus
/titanic-victim/akar-boulos.html,Syrian,Damascus
/titanic-victim/sultana-boulos.html,Syrian,Damascus
/titanic-victim/tannous-betros.html,Syrian,Damascus
/titanic-victim/joseph-caram.html,Syrian,Damascus
/titanic-victim/maria-elias-caram.html,Syrian,Damascus
/titanic-victim/tannous-daher.html,Syrian,Damascus
/titanic-victim/dibo-elias.html,Syrian,Damascus
/titanic-victim/joseph-elias.html,Syrian,Damascus
/titanic-victim/elias-joseph-shahin.html,Syrian,Damascus
/titanic-victim/tannous-elias-nasrallah.html,Syrian,Damascus
/titanic-survivor/borak-hannah.html,Syrian,Damascus
/titanic-victim/mansour-hanna.html,Syrian,Damascus
/titanic-victim/houssein-abilmona.html,Syrian,Damascus
/titanic-survivor/mary-sophie-abrahim.html,Syrian,Damascus
/titanic-victim/yousseff-ibrahim-shawah.html,Syrian,Damascus
/titanic-victim/thamine-jabbur-zabour.html,Syrian,Damascus
/titanic-victim/hileni-jabbur-zabour.html,Syrian,Damascus
/titanic-victim/betros-khalil.html,Syrian,Damascus
/titanic-victim/zahie-maria-khalil.html,Syrian,Damascus
/titanic-victim/khalil-saad.html,Syrian,Damascus
/titanic-victim/sarkis-lahoud-ishaq-mowad.html,Syrian,Damascus
/titanic-survivor/hanna-mamee.html,Syrian,Damascus
/titanic-survivor/mantoura-boulos-moussa.html,Syrian,Damascus
/titanic-survivor/omine-moubarek.html,Syrian,Damascus
/titanic-survivor/gerios-george-moubarek.html,Syrian,Damascus
/titanic-survivor/halim-gonios-william-george-moubarek.html,Syrian,Damascus
/titanic-survivor/fatima-mousselmani.html,Syrian,Damascus
/titanic-survivor/adele-jane-najib-kiamie.html,Syrian,Damascus
/titanic-victim/toufik-nakhli.html,Syrian,Damascus
/titanic-survivor/waika-mary-nakid.html,Syrian,Damascus
/titanic-survivor/maria-nakid.html,Syrian,Damascus
/titanic-survivor/sahid-nakid.html,Syrian,Damascus
/titanic-victim/mustafa-nasr-alma.html,Syrian,Damascus
/titanic-survivor/mariana-assaf.html,Syrian,Damascus
/titanic-victim/saade-nassr-rizq.html,Syrian,Damascus
/titanic-survivor/elias-louis-garrett-nicola-yarred.html,Syrian,Damascus
/titanic-survivor/jamila-amelia-garrett-nicola-yarred.html,Syrian,Damascus
/titanic-victim/mansouer-nofal.html,Syrian,Damascus
/titanic-victim/raffull-baccos.html,Syrian,Damascus
/titanic-victim/amin-saad.html,Syrian,Damascus
/titanic-victim/youssef-joseph-samaan.html,Syrian,Damascus
/titanic-victim/hanna-elias-samaan.html,Syrian,Damascus
/titanic-victim/elias-samaan.html,Syrian,Damascus
/titanic-victim/betros-seman.html,Syrian,Damascus
/titanic-victim/emir-farres-chehab-shihab.html,Syrian,Damascus
/titanic-victim/tannous-thomas-tannous.html,Syrian,Damascus
/titanic-victim/charles-rad-thomas.html,Syrian,Damascus
/titanic-survivor/assad-alexander-thomas-tannous.html,Syrian,Damascus
/titanic-survivor/thamine-thelma-thomas.html,Syrian,Damascus
/titanic-victim/assad-torfa.html,Syrian,Damascus
/titanic-survivor/hanna-youssef-touma.html,Syrian,Damascus
/titanic-survivor/maria-youssef-mary-thomas-touma.html,Syrian,Damascus
/titanic-survivor/georges-youssef-george-thomas-touma.html,Syrian,Damascus
/titanic-victim/assaf-gerios-thamah.html,Syrian,Damascus
/titanic-victim/yousif-ahmed-wazli.html,Syrian,Damascus
/titanic-victim/antoni-yasbeck.html,Syrian,Damascus
/titanic-survivor/selini-celiney-yazbeck.html,Syrian,Damascus
/titanic-victim/gerios-youssiff-samaan.html,Syrian,Damascus
/titanic-survivor/michael-peter_shafiq_joseph.html,Syrian,Damascus
/titanic-survivor/anna-mary-joseph-peter-joseph.html,Syrian,Damascus
/titanic-survivor/catherine-peter-joseph.html,Syrian,Damascus
/titanic-victim/sarkis-mardirosian.html,Turkish,Ankara
/titanic-survivor/neshan-krekorian.html,Turkish,Ankara
/titanic-victim/orsen-sirayanian.html,Turkish,Ankara
/titanic-survivor/david-vartanian.html,Turkish,Ankara
/titanic-victim/ortin-zakarian.html,Turkish,Ankara
/titanic-victim/mapriededer-zakarian.html,Turkish,Ankara
/titanic-victim/ramon-artagaveytia.html,Uruguayan,Montevideo
/titanic-victim/francisco-carrau.html,Uruguayan,Montevideo
/titanic-victim/jose-pedro-carrau.html,Uruguayan,Montevideo
/titanic-victim/denzil-john-jarvis.html,Welsh,Cardiff
/titanic-victim/escott-phillips.html,Welsh,Cardiff
/titanic-victim/david-john-dai-bowen.html,Welsh,Cardiff
/titanic-victim/evan-davies.html,Welsh,Cardiff
/titanic-victim/james-george-reed.html,Welsh,Cardiff
/titanic-victim/william-john-rogers.html,Welsh,Cardiff
/titanic-victim/edward-willey.html,Welsh,Cardiff
/titanic-victim/leslie-williams.html,Welsh,Cardiff
/titanic-survivor/julius-jules-sap.html,Welsh,Cardiff
/titanic-victim/johannes-josef-van-de-velde.html,Welsh,Cardiff
/titanic-victim/leo-peter-van-den-steen.html,Welsh,Cardiff
/titanic-victim/rosalie-paula-van-impe.html,Welsh,Cardiff
/titanic-victim/jean-baptiste-van-impe.html,Welsh,Cardiff
/titanic-victim/catharina-van-impe.html,Welsh,Cardiff
/titanic-victim/victor-vandercruyssen.html,Welsh,Cardiff
/titanic-victim/augusta-maria-vanderplancke.html,Welsh,Cardiff
/titanic-victim/julius-vanderplancke.html,Welsh,Cardiff
/titanic-victim/leo-edmondus-vanderplancke.html,Welsh,Cardiff
